Designator,Val,Package,PosX,PosY,Rot,Side
"AE1","Antenna","Texas_SWRA416_868MHz_915MHz",159.240000,-127.230000,-90.000000,top
"C1","33pF","C_0805_2012Metric",55.530000,-123.960000,-90.000000,top
"C2","22uF","C_0805_2012Metric",56.240000,-112.580000,90.000000,top
"C3","100nF","C_0805_2012Metric",53.190000,-124.890000,-90.000000,top
"C4","100nF","C_0805_2012Metric",53.070000,-112.790000,90.000000,top
"C5","TAN 10uF","CP_EIA-3216-18_Kemet-A",50.710000,-124.720000,90.000000,top
"C6","100nF","C_0805_2012Metric",95.450000,-145.140000,0.000000,top
"C7","22uF","C_0805_2012Metric",95.370000,-147.740000,0.000000,top
"C8","470uF","CP_Elec_6.3x7.7",86.820000,-144.420000,180.000000,top
"C9","33pF","C_0805_2012Metric",95.180000,-150.230000,0.000000,top
"C10","22uF","C_0805_2012Metric",45.480000,-126.220000,180.000000,top
"C11","33pF","C_0805_2012Metric",55.720000,-118.810000,90.000000,top
"C12","100nF","C_0805_2012Metric",53.370000,-118.800000,90.000000,top
"C13","33pF","C_0805_2012Metric",44.880000,-141.660000,0.000000,top
"C14","100nF","C_0805_2012Metric",44.830000,-144.130000,0.000000,top
"C15","22uF","C_0805_2012Metric",44.830000,-146.590000,0.000000,top
"C16","470uF","CP_Elec_6.3x7.7",45.350000,-110.890000,180.000000,top
"C17","33pF","C_0805_2012Metric",56.110000,-107.730000,-90.000000,top
"C18","100nF","C_0805_2012Metric",59.690000,-107.730000,-90.000000,top
"C19","22uF","C_0805_2012Metric",52.520000,-107.820000,-90.000000,top
"C20","100nF","C_0805_2012Metric",152.300000,-110.340000,-90.000000,top
"C21","33pF","C_0805_2012Metric",149.350000,-110.410000,-90.000000,top
"C22","33pF","C_0805_2012Metric",125.140000,-136.630000,180.000000,top
"C23","33pF","C_0805_2012Metric",133.810000,-137.520000,180.000000,top
"C24","TAN 100uF","CP_EIA-3216-18_Kemet-A",146.340000,-110.177500,90.000000,top
"C25","33pF","C_0805_2012Metric",130.240000,-132.960000,90.000000,top
"C26","TAN 100uF","CP_EIA-3216-18_Kemet-A",124.370000,-124.510000,-90.000000,top
"C27","470uF","CP_Elec_6.3x7.7",128.140000,-109.480000,180.000000,top
"C28","22uF","C_0805_2012Metric",127.080000,-124.155000,90.000000,top
"C29","TAN 100uF","CP_EIA-3216-18_Kemet-A",111.120000,-107.220000,0.000000,top
"C30","470uF","CP_Elec_6.3x7.7",118.230000,-110.790000,90.000000,top
"C31","33pF","C_0805_2012Metric",111.030000,-109.480000,180.000000,top
"C32","470uF","CP_Elec_6.3x7.7",106.125000,-143.210000,180.000000,top
"C33","22uF","C_0805_2012Metric",109.160000,-158.850000,90.000000,top
"C34","22uF","C_0805_2012Metric",108.375000,-149.020000,0.000000,top
"C35","33pF","C_0805_2012Metric",120.480000,-152.810000,0.000000,top
"C36","100nF","C_0805_2012Metric",120.480000,-155.820000,180.000000,top
"C37","22uF","C_0805_2012Metric",120.420000,-149.860000,180.000000,top
"C38","100nF","C_0805_2012Metric",110.880000,-111.830000,180.000000,top
"C39","22uF","C_0805_2012Metric",110.990000,-115.730000,180.000000,top
"C40","1uF","C_0805_2012Metric",98.050000,-109.270000,-90.000000,top
"C41","22uF","C_0805_2012Metric",117.380000,-129.100000,180.000000,top
"C42","100nF","C_0805_2012Metric",117.380000,-126.090000,180.000000,top
"C43","33pF","C_0805_2012Metric",117.380000,-123.080000,180.000000,top
"C44","470uF","CP_Elec_6.3x7.7",99.570000,-131.920000,-90.000000,top
"C45","TAN 10uF","CP_EIA-3216-18_Kemet-A",50.830000,-119.032500,-90.000000,top
"Card1","SMC-202-6","SIM-SMD_SMC-202-6",137.900000,-153.447231,0.000000,top
"D1","SS34","DO-214AC_L4.3-W2.7-LS5.0-RD",112.430000,-118.600000,180.000000,top
"D2","B540C-13-F","SMC_L7.1-W6.2-LS8.1-RD",105.090000,-115.640000,-90.000000,top
"FPC1","FPC-05F-20PH20","touch_display_3.5inch",65.150000,-141.267500,0.000000,top
"J1","Conn_01x05_Pin","PinHeader_1x05_P2.54mm_Vertical",93.650000,-117.840000,180.000000,top
"L1","MWSA0603S-4R7MT","IND-SMD_L7.0-W6.6",138.790000,-108.530000,180.000000,top
"L2","MWSA0603S-4R7MT","IND-SMD_L7.0-W6.6",109.110000,-127.470000,-90.000000,top
"L3","CKCS6045-6.8UH/M","IND-SMD_L6.0-W6.0",115.135000,-142.510000,180.000000,top
"L4","CKCS6045-6.8UH/M","IND-SMD_L6.0-W6.0",44.440000,-120.720000,180.000000,top
"LED1","XL-1606UGC","LED-SMD_L1.7-W1.1-R-RD_GREEN",150.245000,-139.630000,0.000000,top
"LED2","TZ-P2-0602RTS2-1.2T","LED-SMD_L1.6-W1.2-RD",111.480000,-148.470000,90.000000,top
"Q1","MMBT3904_C181119","SOT-23-3_L2.9-W1.6-P1.90-LS2.8-BR",49.630000,-142.210000,90.000000,top
"Q2","SI2333","SOT-23_L2.9-W1.3-P1.90-LS2.4-BR",125.180000,-119.145000,180.000000,top
"Q3","AP3404","SOT-23-3_L2.9-W1.3-P1.90-LS2.4-BR-2",99.950000,-124.210000,180.000000,top
"R1","10k","R_0603_1608Metric",58.650000,-112.900000,-90.000000,top
"R2","5K1","R_0603_1608Metric",90.640000,-149.910000,-90.000000,top
"R3","5K1","R_0603_1608Metric",85.990000,-150.100000,-90.000000,top
"R4","2K2","R_0603_1608Metric",54.640000,-139.640000,180.000000,top
"R5","100R","R_0603_1608Metric",54.120000,-143.100000,180.000000,top
"R6","51K","R_0603_1608Metric",44.850000,-148.700000,180.000000,top
"R7","10K","R_0603_1608Metric",71.020000,-150.780000,180.000000,top
"R8","10K","R_0603_1608Metric",70.685000,-143.980000,180.000000,top
"R9","22R","R_0603_1608Metric",126.520000,-133.325000,90.000000,top
"R10","22R","R_0603_1608Metric",132.480000,-134.950000,90.000000,top
"R11","22R","R_0603_1608Metric",132.310000,-131.580000,90.000000,top
"R12","1K","R_0603_1608Metric",150.045000,-137.700000,0.000000,top
"R13","68K","R_0603_1608Metric",103.100000,-108.300000,180.000000,top
"R14","27K","R_0603_1608Metric",100.290000,-108.505000,-90.000000,top
"R16","100K","R_0603_1608Metric",112.620000,-154.210000,0.000000,top
"R17","10K","R_0603_1608Metric",112.650000,-156.050000,0.000000,top
"R18","10K","R_0603_1608Metric",111.360000,-159.010000,-90.000000,top
"R19","51K","R_0603_1608Metric",104.180000,-152.700000,180.000000,top
"R20","1K1","R_0603_1608Metric",104.490000,-148.700000,0.000000,top
"R21","10K","R_0603_1608Metric",112.775000,-152.520000,0.000000,top
"R22","1K","R_0603_1608Metric",114.590000,-148.130000,0.000000,top
"R23","1K","R_0603_1608Metric",104.110000,-156.540000,0.000000,top
"R24","10K","R_0603_1608Metric",107.050000,-158.520000,90.000000,top
"R25","10K","R_0603_1608Metric",104.065000,-154.280000,180.000000,top
"R26","1K","R_0603_1608Metric",123.090000,-116.485000,180.000000,top
"R27","100K","R_0603_1608Metric",122.050000,-119.125000,90.000000,top
"U1","AMS1117-3.3","SOT-223-3_TabPin2",47.960000,-131.712500,180.000000,top
"U2","ESP32-WROOM-32E-N8R2","WIFI-SMD_ESP32-WROOM-32E",74.490000,-115.517500,-90.000000,top
"U3","M65","XCVR_M65",144.330000,-124.770000,0.000000,top
"U4","ME2199ASG","SOP-8_L4.9-W3.9-P1.27-LS6.0-BL",98.830000,-116.470000,180.000000,top
"U5","BQ24073RGTR","QFN-16_L3.0-W3.0-P0.50-TL-EP1.7",108.615000,-152.890000,90.000000,top
"USB1","U262-061N-4BVC11","USB-SMD_U262-061N-4BVC11",92.005000,-156.807500,0.000000,top
